estado_final,catalog_sheet,catalog_name,skyportal_name_principal,skyportal_aliases_principal,grupos_skyportal_principal,catalog_link_id,inventario_principal,metodo_match_principal,skyportal_tns_name_principal,catalog_ra_deg,catalog_dec_deg,skyportal_ra_deg_principal,skyportal_dec_deg_principal,nota
encontrado_en_union,2022,GRB221110A,GRB221110,,Sitewide Group,,source_inventory_grb_20260609_150940,id_sin_sufijo + coordenadas (95.20 arcsec),,29.09871,-27.29519,29.1194,-27.3142,
encontrado_en_union,2023-2024,GRB 240713A,GRB240713A,GRB240713A,GRANDMA,GRB240713A,source_inventory_grb_20260609_150940,skyportal_link,,352.59,1.88,352.59,1.88,
encontrado_en_union,2023-2024,GRB 240715A,GRB240715A,,GRANDMA,GRB240715A,source_inventory_grb_20260609_150940,skyportal_link,,5.271,-36.521,8.4,-29.4,
encontrado_en_union,2023-2024,GRB 240809A,GRB240809,,Sitewide Group | GRANDMA,GRB240809,source_inventory_grb_20260609_150940,skyportal_link,,237.54399,-2.31789,237.5511,-2.3211,
encontrado_en_union,2023-2024,GRB 240824A,GRB240824,,Sitewide Group,GRB240824,source_inventory_grb_20260609_150940,skyportal_link,,213.176,63.735,213.2032,63.737,
encontrado_en_union,2023-2024,GRB 240905E,GRB240905,,Sitewide Group,GRB240905,source_inventory_grb_20260609_150940,skyportal_link,,345.8021,35.5227,345.8021,35.5227,
encontrado_en_union,2023-2024,GRB 240911A,GRB240911A,,GRANDMA,GRB240911A,source_inventory_grb_20260609_150940,skyportal_link,,351.3,21.33,351.3,21.33,
encontrado_en_union,2023-2024,GRB 240912A,GRB240912,,Sitewide Group | GRANDMA,GRB240912,source_inventory_grb_20260609_150940,skyportal_link,,124.625,33.999,124.63469,33.99901,
encontrado_en_union,2023-2024,GRB 241001A,GRB241001A,XRF 241001A,GRANDMA | GRANDMA/Kilonova-Catcher,GRB241001A,source_inventory_grb_20260609_150940,skyportal_link,,20.424,-43.534,20.55296,-43.35883,
encontrado_en_union,2023-2024,GRB 241002C,GRB241002C,,GRANDMA,GRB241002C,source_inventory_grb_20260609_150940,skyportal_link,,62.41,-7.896,62.45,-7.91,
encontrado_en_union,2023-2024,GRB231115A,INTEGRAL-GRB231115A,GRB231115A,GRANDMA,INTEGRAL-GRB231115A,source_inventory_grb_20260609_150940,skyportal_link,,149.000901,69.68013,149.000901,69.68013,
encontrado_en_union,2023-2024,GRB241006A,GRB-241006_215158,,Sitewide Group | GRANDMA,GRB-241006_215158,source_inventory_grb_20260609_150940,skyportal_link,,304.782,-40.806,304.7429,-40.8051,
encontrado_en_union,2023-2024,GRB241009A,GRB241009A,,GRANDMA,GRB241009A,source_inventory_grb_20260609_150940,skyportal_link,,325.00866,-35.65944,299.101,-17.37,
encontrado_en_union,2023-2024,GRB241018A,GRB241018A,,GRANDMA,GRB241018A,source_inventory_grb_20260609_150940,skyportal_link,,67.9693,42.997,67.99725,43.020083,
encontrado_en_union,2023-2024,GRB241025A,GRB-241025_013651,GRB 241025A,Sitewide Group | GRANDMA,GRB-241025_013651,source_inventory_grb_20260609_150940,skyportal_link,,333.65769,83.57588,333.65379,83.57565,
encontrado_en_union,2023-2024,GRB241026A,GRB241026,GRB 241026A,Sitewide Group | GRANDMA,GRB241026,source_inventory_grb_20260609_150940,skyportal_link,,293.425,57.996,293.40025,57.9858444,
encontrado_en_union,2023-2024,GRB241029A,GRB241029A,,GRANDMA,GRB241029A,source_inventory_grb_20260609_150940,skyportal_link,,325.3343,5.0814,325.327,5.086,
encontrado_en_union,2023-2024,GRB241030A,GRB241030,GRB241030A,Sitewide Group | GRANDMA,,source_inventory_grb_20260609_150940,alias,AT 2024zuk,343.216,80.438,343.13987,80.44996,
encontrado_en_union,2023-2024,GRB241127A,GRB241127,,Sitewide Group | GRANDMA,GRB241127,source_inventory_grb_20260609_150940,skyportal_link,AT 2024acpi,327.911,-56.652,327.911,-56.652,
encontrado_en_union,2023-2024,GRB241128A,GRB241128A,,GRANDMA,GRB241128A,source_inventory_grb_20260609_150940,skyportal_link,,273.724,33.492,273.72356,33.492,
encontrado_en_union,2023-2024,GRB241209A,GRB241209A,,GRANDMA,GRB241209A,source_inventory_grb_20260609_150940,skyportal_link,,155.39648,6.32872,194.63185,76.17637,
encontrado_en_union,2023-2024,GRB241209B,GRB241209B,,GRANDMA,GRB241209B,source_inventory_grb_20260609_150940,skyportal_link,,194.63185,76.17637,194.63406,76.17617,
encontrado_en_union,2023-2024,GRB241213A,GRB241213,,Sitewide Group,GRB241213,source_inventory_grb_20260609_150940,skyportal_link,,116.163,35.269,116.1479,35.2804,
encontrado_en_union,2023-2024,GRB241217A,GRB241217A_SVOM,,GRANDMA,GRB241217A_SVOM,source_inventory_grb_20260609_150940,skyportal_link,,84.1511,-25.2968,84.14999999999999,-25.2925,
encontrado_en_union,2023-2024,GRB241229B,GRB241229,,Sitewide Group | GRANDMA,GRB241229,source_inventory_grb_20260609_150940,skyportal_link,,274.1803,74.6851,274.1491,74.7138,
encontrado_en_union,2025,GRB 250226A,GRB250226A,EP250226a,GRANDMA,,source_inventory_grb_20260609_150940,catalog_name_exact,AT 2025dbz,224.2651,20.9756,224.26512499999998,20.975641666666665,
encontrado_en_union,2025,GRB 250424A,GRB-250424_065229,GRB 250424A,Sitewide Group | GRANDMA,,source_inventory_grb_20260609_150940,alias,,217.528,-35.025,217.49998,-35.02518,
encontrado_en_union,2025,GRB 250704B,EP-250704_081653,EP250704a | GRB 250704B,Sitewide Group | GRANDMA,,source_inventory_ep_20260528_135202,alias,AT 2025qir,300.87238,12.02301,300.8729,12.0232,
encontrado_en_union,2025,GRB 250706B,GCN-250706_170544,GRB 250706B | GRB 250706C,Sitewide Group | GRANDMA,,source_inventory_gcn_20260528_135155,alias,,41.2296,-50.0604,41.23097,-50.06116,
encontrado_en_union,2025,GRB250114A,GRB250114,,Sitewide Group | GRANDMA,GRB250114,source_inventory_grb_20260609_150940,skyportal_link,,166.572,-15.129,166.57679,-15.11159,
encontrado_en_union,2025,GRB250129A,GRB250129,,Sitewide Group,,source_inventory_grb_20260609_150940,id_sin_sufijo + coordenadas (75.29 arcsec),,198.708,5.029,198.6894,5.0387,Tambien aparece en grandma_base como 2025aji (alias)
encontrado_en_union,2025,GRB250215A,GRB_250215A,,GRANDMA,GRB_250215A,source_inventory_grb_20260609_150940,skyportal_link,,157.6,-34.5,156.33116666666666,-27.698333333333334,
encontrado_en_union,2025,GRB250221A,GRB250221A,,GRANDMA,GRB250221A,source_inventory_grb_20260609_150940,skyportal_link,,59.476667,-15.136611,59.4766667,-15.136611,
encontrado_en_union,2025,GRB250317B,GRB250317B,,GRANDMA,GRB250317B,source_inventory_grb_20260609_150940,skyportal_link,,211.64367,40.07953,211.64367,40.07953,
encontrado_en_union,2025,GRB250321A,GRB250321A,,GRANDMA,GRB250321A,source_inventory_grb_20260609_150940,skyportal_link,,295.1,21.055,299.0,17.1,
encontrado_en_union,2025,GRB250322A,GRB250322A,,GRANDMA,GRB250322A,source_inventory_grb_20260609_150940,skyportal_link,,106.76025,7.19285,106.76025,7.19285,
encontrado_en_union,2025,GRB250403A,GRB-250403_151521,,Sitewide Group | GRANDMA,GRB-250403_151521,source_inventory_grb_20260609_150940,skyportal_link,,194.6157,-24.3795,194.6157,-24.3795,
encontrado_en_union,2025,GRB250617B,GRB-250617_210150,GRB 250617B,Sitewide Group | GRANDMA,GRB-250617_210150,source_inventory_grb_20260609_150940,skyportal_link,,332.89686,32.73247,332.89686,32.73247,
encontrado_en_union,2025,GRB250628A,GRB-250628_005557,GRB250828A,Sitewide Group | GRANDMA,GRB-250628_005557,source_inventory_grb_20260609_150940,skyportal_link,,38.55311,-38.07894,38.55311,-38.07894,
encontrado_en_union,2025,GRB250702F,GRB-250702_210643,GRB250207F,Sitewide Group | GRANDMA,GRB-250702_210643,source_inventory_grb_20260609_150940,skyportal_link,AT 2025qdw,212.9361,16.74863,212.9361,16.74863,
encontrado_en_union,2025,GRB250704A,GCN-250704_034220,GRB 250704A,Sitewide Group | GRANDMA/Kilonova-Catcher | GRANDMA,GCN-250704_034220,source_inventory_gcn_20260528_135155,skyportal_link,,0.047762615740740734,-0.7218271990740741,17.19427,-17.32398,
encontrado_en_union,2025,GRB250718A,GRB-250718_001403,GRB 20250718A,Sitewide Group | GRANDMA,GRB-250718_001403,source_inventory_grb_20260609_150940,skyportal_link,,241.9978,-11.9933,241.9978,-11.9933,
encontrado_en_union,2025,GRB250813B,GCN-250813_225115,GRB 250813B,Sitewide Group | GRANDMA,GCN-250813_225115,source_inventory_gcn_20260528_135155,skyportal_link,,336.7505,12.4613,336.750625,12.4623611,
encontrado_en_union,2025,GRB250818B,GCN-250818_032908,GRB 250818B,Sitewide Group | GRANDMA,GCN-250818_032908,source_inventory_gcn_20260528_135155,skyportal_link,AT 2025ukm,0.12793425925925928,-0.13021782407407406,46.0561792,-3.1252056,
encontrado_en_union,2025,GRB251013C,GCN-251013_173943,GRB 251013C,Sitewide Group | GRANDMA,,source_inventory_gcn_20260528_135155,alias,,345.83562,-0.21024,345.8356,-0.2103,
encontrado_solo_en_grandma_base,2023-2024,GRB 240828B,S24082808,,GRANDMA,S240828B,source_inventory_grandma_base_20260604_112909,coordenadas (0.00 arcsec),,63.45995,16.71561,63.45995,16.71561,No aparece en la union gcn+ep+grb
encontrado_solo_en_grandma_base,2023-2024,GRB241229A,sb24122901,,GRANDMA,sb24122901,source_inventory_grandma_base_20260604_112909,skyportal_link,,192.8735,31.7474,192.893,31.857,No aparece en la union gcn+ep+grb
encontrado_solo_en_grandma_base,2025,GRB250327B,2025gcz,,Sitewide Group | GRANDMA,,source_inventory_grandma_base_20260604_112909,summary_text,AT 2025gcz,0.4910497685185185,1.2433425925925927,176.778049,29.840159,No aparece en la union gcn+ep+grb
no_encontrado,2022,GRB220319A,,,,,,,,218.22421,61.29496,,,
no_encontrado,2022,GRB220325A,,,,,,,,269.48753,-7.03592,,,
no_encontrado,2022,GRB220403B,,,,,,,,191.4734,89.1846,,,
no_encontrado,2022,GRB220404A,,,,,,,,50.413,10.001,,,
no_encontrado,2022,GRB220408A,,,,,,,,92.48,-50.97,,,
no_encontrado,2022,GRB220412A,,,,,,,,123.96809,30.34259,,,
no_encontrado,2022,GRB220412B,,,,,,,,320.758,-0.261,,,
no_encontrado,2022,GRB220427A,,,,,,,,275.88811,-56.25541,,,
no_encontrado,2022,GRB220430A,,,,,,,,97.61218,9.54754,,,
no_encontrado,2022,GRB220501A,,,,,,,,85.583,14.01,,,
no_encontrado,2022,GRB220514A,,,,,,,,147.667,13.1472,,,
no_encontrado,2022,GRB221009A,,,,,,,,288.265,19.774,,,
no_encontrado,2022,GRB221024A,,,,,,,,169.74062,33.04199,,,
no_encontrado,2022,GRB221027B,,,,,,,,225.62095,47.44205,,,
no_encontrado,2022,GRB221028A,,,,,,,,314.2027,41.0898,,,
no_encontrado,2025,GRB250219A,,,,GRB250219A,,,,173.278,22.684,,,
